{
  "floorplan": {
    "version": "0.0.2a",
    "corners": {
      "4f90dcc4-54be-bf55-8e56-898b8b3b7167": {
        "x": 3.658,
        "y": -0.03,
        "elevation": 2.5
      },
      "050572e1-8c15-cd54-9c22-25f61b8282cf": {
        "x": 9.023,
        "y": -0.03,
        "elevation": 2.5
      },
      "fe55fba6-aa7e-7a7d-fcc6-e2ec3cbc947d": {
        "x": 9.023,
        "y": 4.542,
        "elevation": 2.5
      },
      "1a076082-6f49-0d67-aa2f-b7c5e17c06e3": {
        "x": 3.719,
        "y": 4.542,
        "elevation": 2.5
      },
      "9d3b0354-84b8-cbe5-b1d6-3abdf6160114": {
        "x": 13.696,
        "y": -0.03,
        "elevation": 2.5
      },
      "9afbdc05-ce9e-51f7-4572-d036eb9e974e": {
        "x": 13.696,
        "y": 4.461,
        "elevation": 2.5
      },
      "88c5b4af-376c-26b2-ea95-1cfd3d49bc9d": {
        "x": 3.719,
        "y": 7.428,
        "elevation": 2.5
      },
      "80ff0c26-8551-df02-801a-eefec063e48e": {
        "x": 13.717,
        "y": 7.428,
        "elevation": 2.5
      }
    },
    "walls": [
      {
        "corner1": "4f90dcc4-54be-bf55-8e56-898b8b3b7167",
        "corner2": "050572e1-8c15-cd54-9c22-25f61b8282cf",
        "frontTexture": {
          "url": "rooms/textures/wallmap.png",
          "stretch": true,
          "scale": 0
        },
        "backTexture": {
          "url": "rooms/textures/wallmap.png",
          "stretch": true,
          "scale": 0
        },
        "wallType": "STRAIGHT",
        "a": { "x": 555.4870092769806, "y": 186.67900927698054 },
        "b": { "x": 712.6089907230196, "y": 186.67900927698054 },
        "length": "5.364m"
      },
      {
        "corner1": "050572e1-8c15-cd54-9c22-25f61b8282cf",
        "corner2": "fe55fba6-aa7e-7a7d-fcc6-e2ec3cbc947d",
        "frontTexture": {
          "url": "rooms/textures/wallmap.png",
          "stretch": true,
          "scale": 0
        },
        "backTexture": {
          "url": "rooms/textures/wallmap.png",
          "stretch": true,
          "scale": 0
        },
        "wallType": "STRAIGHT",
        "a": { "x": 740.6273898207554, "y": 158.66061017924474 },
        "b": { "x": 740.6273898207554, "y": 292.5713898207552 },
        "length": "4.572m"
      },
      {
        "corner1": "fe55fba6-aa7e-7a7d-fcc6-e2ec3cbc947d",
        "corner2": "1a076082-6f49-0d67-aa2f-b7c5e17c06e3",
        "frontTexture": {
          "url": "rooms/textures/wallmap.png",
          "stretch": true,
          "scale": 0
        },
        "backTexture": {
          "url": "rooms/textures/wallmap.png",
          "stretch": true,
          "scale": 0
        },
        "wallType": "STRAIGHT",
        "a": { "x": 714.7642521920761, "y": 266.708252192076 },
        "b": { "x": 559.427747807924, "y": 266.708252192076 },
        "length": "5.304m"
      },
      {
        "corner1": "1a076082-6f49-0d67-aa2f-b7c5e17c06e3",
        "corner2": "4f90dcc4-54be-bf55-8e56-898b8b3b7167",
        "frontTexture": {
          "url": "rooms/textures/wallmap.png",
          "stretch": true,
          "scale": 0
        },
        "backTexture": {
          "url": "rooms/textures/wallmap.png",
          "stretch": true,
          "scale": 0
        },
        "wallType": "STRAIGHT",
        "a": { "x": 531.4093487101882, "y": 290.4161283516986 },
        "b": { "x": 529.6238716483014, "y": 156.50534871018812 },
        "length": "4.572m"
      },
      {
        "corner1": "050572e1-8c15-cd54-9c22-25f61b8282cf",
        "corner2": "9d3b0354-84b8-cbe5-b1d6-3abdf6160114",
        "frontTexture": {
          "url": "rooms/textures/wallmap.png",
          "stretch": true,
          "scale": 0
        },
        "backTexture": {
          "url": "rooms/textures/wallmap.png",
          "stretch": true,
          "scale": 0
        },
        "wallType": "STRAIGHT",
        "a": { "x": 1067.5087126276726, "y": 162.25271262767237 },
        "b": { "x": 1204.3952873723276, "y": 162.25271262767237 },
        "length": "4.674m"
      },
      {
        "corner1": "9d3b0354-84b8-cbe5-b1d6-3abdf6160114",
        "corner2": "9afbdc05-ce9e-51f7-4572-d036eb9e974e",
        "frontTexture": {
          "url": "rooms/textures/wallmap.png",
          "stretch": true,
          "scale": 0
        },
        "backTexture": {
          "url": "rooms/textures/wallmap.png",
          "stretch": true,
          "scale": 0
        },
        "wallType": "STRAIGHT",
        "a": { "x": 1210.8610717794975, "y": 155.78692822050263 },
        "b": { "x": 1210.8610717794975, "y": 287.3170717794974 },
        "length": "4.491m"
      },
      {
        "corner1": "9afbdc05-ce9e-51f7-4572-d036eb9e974e",
        "corner2": "fe55fba6-aa7e-7a7d-fcc6-e2ec3cbc947d",
        "frontTexture": {
          "url": "rooms/textures/wallmap.png",
          "stretch": true,
          "scale": 0
        },
        "backTexture": {
          "url": "rooms/textures/wallmap.png",
          "stretch": true,
          "scale": 0
        },
        "wallType": "STRAIGHT",
        "a": { "x": 1201.5216054135856, "y": 283.7249693310697 },
        "b": { "x": 1064.6350306689305, "y": 286.1056054135854 },
        "length": "4.674m"
      },
      {
        "corner1": "1a076082-6f49-0d67-aa2f-b7c5e17c06e3",
        "corner2": "88c5b4af-376c-26b2-ea95-1cfd3d49bc9d",
        "frontTexture": {
          "url": "rooms/textures/wallmap.png",
          "stretch": true,
          "scale": 0
        },
        "backTexture": {
          "url": "rooms/textures/wallmap.png",
          "stretch": true,
          "scale": 0
        },
        "wallType": "STRAIGHT",
        "a": { "x": 269.9042904646544, "y": 556.2317095353455 },
        "b": { "x": 269.9042904646544, "y": 640.7442904646543 },
        "length": "2.885m"
      },
      {
        "corner1": "88c5b4af-376c-26b2-ea95-1cfd3d49bc9d",
        "corner2": "80ff0c26-8551-df02-801a-eefec063e48e",
        "frontTexture": {
          "url": "rooms/textures/wallmap.png",
          "stretch": true,
          "scale": 0
        },
        "backTexture": {
          "url": "rooms/textures/wallmap.png",
          "stretch": true,
          "scale": 0
        },
        "wallType": "STRAIGHT",
        "a": { "x": 725.3828809252818, "y": 1096.222880925282 },
        "b": { "x": 1018.2011190747182, "y": 1096.222880925282 },
        "length": "9.997m"
      },
      {
        "corner1": "80ff0c26-8551-df02-801a-eefec063e48e",
        "corner2": "9afbdc05-ce9e-51f7-4572-d036eb9e974e",
        "frontTexture": {
          "url": "rooms/textures/wallmap.png",
          "stretch": true,
          "scale": 0
        },
        "backTexture": {
          "url": "rooms/textures/wallmap.png",
          "stretch": true,
          "scale": 0
        },
        "wallType": "STRAIGHT",
        "a": { "x": 1475.8349710044022, "y": 637.1521880162268 },
        "b": { "x": 1475.2398119837733, "y": 550.2589710044022 },
        "length": "2.967m"
      }
    ],
    "rooms": {
      "4f90dcc4-54be-bf55-8e56-898b8b3b7167,050572e1-8c15-cd54-9c22-25f61b8282cf,fe55fba6-aa7e-7a7d-fcc6-e2ec3cbc947d,1a076082-6f49-0d67-aa2f-b7c5e17c06e3": {
        "name": "Bed Room",
        "area": "24.387m²"
      },
      "050572e1-8c15-cd54-9c22-25f61b8282cf,9d3b0354-84b8-cbe5-b1d6-3abdf6160114,9afbdc05-ce9e-51f7-4572-d036eb9e974e,fe55fba6-aa7e-7a7d-fcc6-e2ec3cbc947d": {
        "name": "Bath Room",
        "area": "21.178m²"
      },
      "fe55fba6-aa7e-7a7d-fcc6-e2ec3cbc947d,9afbdc05-ce9e-51f7-4572-d036eb9e974e,80ff0c26-8551-df02-801a-eefec063e48e,88c5b4af-376c-26b2-ea95-1cfd3d49bc9d,1a076082-6f49-0d67-aa2f-b7c5e17c06e3": {
        "name": "Hall",
        "area": "29.008m²"
      }
    },
    "wallTextures": [],
    "floorTextures": {},
    "newFloorTextures": {},
    "carbonSheet": {
      "url": "",
      "transparency": 1,
      "x": 0,
      "y": 0,
      "anchorX": 0,
      "anchorY": 0,
      "width": 0.01,
      "height": 0.01
    }
  },
  "items": [],